variable	Df	SumOfSqs	R2	F	Pr(>F)
city	4	2.317332456066636	0.12642813263320488	12.390983287062985	0.001
stool_consistency	3	0.6072894152274073	0.033132262284641424	4.329640876398373	0.001
adiponectin	1	0.1322041360938817	0.007212742396533766	2.8276292191590193	0.022
Calorie_intake	1	0.05739310449126478	0.0031312309150363696	1.2275441906182352	0.29
BMI	1	0.0994836254848841	0.005427589366690912	2.12779126705363	0.093
fiber	1	0.10737850747674305	0.0058583153011493826	2.2966498191502156	0.058
Residual	321	15.008165638759952	0.8188097271027429	NA	NA
Total	332	18.329246883600774	1	NA	NA
