statistic	df	p_value
6.652831546966013	3	0.08382619535702597
2.2088385476578196	3	0.5302095518367257
