statistic	df	p_value
3.2421230202268134	3	0.3557796157908454
1.5194106827380551	3	0.6777976555430061
