statistic	df	p_value
11.532908880963411	7	0.11700396090828376
